--
-- Data for Name: club; Type: TABLE DATA; Schema: public; Owner: postgres
--

COPY "Club" (id, name, picture, summary, description, facebook, instagram) FROM stdin;
7c26f9a2-3def-4fe6-a8ed-816ed3c7cfb6	Bureau Des Sports	https://res.cloudinary.com/iusildra/image/upload/v1663745070/6d8e65cab4f9e558d0b08ab11.webp	L'équipe sportive de Polytech	Le BDS est un club de l’association du BDE qui s’occupe de gérer, organiser et promouvoir les entraînements, matchs, et événements sportifs pour des élèves, par des élèves. \r\nIl présente le plus de sport possible suivant les talents et expériences des responsables. Cette année il y a du Rugby, Foot, Randonnée, Boxe, Pétanque, Volley, Tennis, Handball, Basket, Pompom-girl, Athlétisme, Course à pied, Crossfit et PMU (le Polytech Montpelliérain Ultra, c’est un groupe de supporters). \r\nTous les sports sont mixtes et il y en a pour tous les niveaux.	\N	https://instagram.com/bds_polytech_montpellier?igshid=YmMyMTA2M2Y= 
b0ce0023-1f71-4e9e-a3af-3cf086ad14d7	Poly'earth	https://res.cloudinary.com/iusildra/image/upload/v1662657080/e1727d6563dabab71a4721106.png	Club DDRS de Polytech	Poly'earth est un club de Polytech qui s'inscrit dans une démarche DDRS (Développement Durable et Responsabilité Sociétale).\r\n\r\nIl te sera proposé d'assister à différents évènements, à différentes activités, d'avoir des astuces, des idées tout au long de l'année afin de t'aider dans ta transition écologique ! \r\nPar exemple, nous organisons : des conférences, des ateliers zéro-déchets, une boutique de produits éco-responsables, des distributions de paniers de fruits et légumes...\r\n\r\nMais il reste encore plein de projets à réaliser cette année et pour ça on a besoin de toi !! Alors si tu as envie de t'investir dans le club et de faire partie de nos nouvelles recrues, tu es le/la bienvenu(e) !!\r\nSi tu veux simplement participer aux activités, aux évènements pas de soucis. Nous t'accueillerons aussi avec grand plaisir.\r\n\r\nPour nous rejoindre, pour nous poser des questions et ou pour en savoir plus tu peux nous contacter sur insta/facebook.	https://www.facebook.com/PolyearthMontpellier/	https://www.instagram.com/poly_earth/?igshid=YmMyMTA2M2Y%3D
a5a3a707-03e2-4994-87bc-28ff2f04603e	Bureau des Arts	https://res.cloudinary.com/iusildra/image/upload/v1663745154/6d8e65cab4f9e558d0b08ab12.webp	Pour exprimer tes meilleurs talents artistiques	- PolyMouv' : Que tu sois un(e) pro du dancefloor 💃🕺ou que tu galères à bouger ton corps, si tu veux danser 🩰 sans être complexé(e), ce club est fait pour toi, on t'attend avec joie🥳. Viens découvrir des chorées, participer à leur création ou même choisir la musique🎶\r\n\r\n- Polybeats : Que tu veuilles mixer ou produire ta propre musique par ordinateur, ce club est fait pour toi car il propose des ateliers dans ces deux domaines 🙌. Débutant ou confirmé, tu auras ta place parmi nous et le club t'aidera à te lancer, te perfectionner et surtout à t'éclater! 🎧\r\n\r\n- Musitech🎤 : Que tu sois un des musiciens les plus doués, que tu sois débutant, que tu veuilles faire des musiques originales ou faire des reprises avec un groupe, alors Musitech est fait pour toi 🎵🎸. Tu pourras former un club avec tes potes et jouer les musiques que tu souhaites et même faire des concerts !!! Une salle avec des instruments est à ta disposition🎺\r\n\r\n- Polypix : Tu veux tester ta créativité en prenant en photo des potes ou en réel shooting sans prise de tête 📸. Tu veux immortaliser des lieux insolites de Montpellier et des ses alentours 🏙️. Ou tu veux juste t'amuser avec un petit studio maison. C'est ✨polypix✨ qu'il faut que tu rejoignes. Tu peux venir et te tenir des deux cotés de la caméra (la photogénie est un mythe 🧚 on peut tous se trouver stylé en photo), ou même juste te balader avec nous 👩‍🦯👨‍🦯…\r\n\r\n- Ludotech ♟ : Que tu sois un fin stratège, capable de trahir tes amis👊, que tu préfères jouer en collaboration 😀, ou encore que tu veuilles juste te détendre et découvrir des nouveaux jeux de société. Ne cherche plus ! La 🎲LUDOTECH🎲 est faite pour toi !\r\n\r\n- Polyrole : Tu veux retrouver tes potes dans une ambiance posée ? Découvrir des jeux de rôles ? Viens à Polyrole 😉! Tu suivra une campagne qui durera toute l'année, mais de temps en temps des parties en une fois seront proposées !\r\n\r\n- Polycoinche : Polycoinche c’est quoi ? C’est un club qui regroupe des personnes jouant à la coinche, un jeu de cartes proche de la belote pour ceux qui ne connaissent pas. Le but est de passer des moments conviviaux en jouant tous ensemble régulièrement quand ça arrange le maximum de personne. Et bien sûr par la suite organiser des tournois🔥\r\n\r\n- Japantech : こんにちは ! Si tu aimes le pays du soleil levant 🌇 et sa culture, tu peux rejoindre Japan'tech pour retrouver des personnes qui partage ta passion 😍 ! Au programme : découverte des alphabets, approfondissement de la culture et de la cuisine nippones ! 🍥\r\n\r\n- Polybiere : Salut ! Si tu aimes la bière 🍻 (quelle question) et que tu veux apprendre à la préparer, la déguster ou même créer tes propres recettes, tu peux nous rejoindre à Polybiere pour brasser la bière de l'école. En fonction des stocks, elle pourra même être servie à certains événements de l'école comme la remise des diplômes ou le gala et tu pourra présenter nos créations à tes potes et aux profs. Que tu sois débutant ou que tu sois déjà un brasseur expérimenté, tu peux nous rejoindre pour passer des aprèm à brasser, faire de nouvelles recettes et goûter nos dernières potions tous ensemble\r\n\r\n- Polycook : Tu passes ton temps à cuisiner et tu adores régaler tes potes et ta famille ? Rejoint Polycook, le club qui permet de partager tes meilleures recettes et astuces de cuisine 👩‍🍳👨‍🍳. Sucré, salé, pas de préférence dans ce club ouvert à tout types de recettes\r\n\r\n- Dramatech : Tu es passionné de théâtre? Tu aime faire des représentations originales ou de pièces connues? Rejoins dramatech, le club de théâtre de polytech montpellier! Tu pourra même faire des représentations officielles au gala et à la RDD	https://www.facebook.com/PolytechMontpellierBDA/	https://instagram.com/bda_polytech_montpellier?igshid=YmMyMTA2M2Y=
\.


--
-- Data for Name: event; Type: TABLE DATA; Schema: public; Owner: postgres
--

-- COPY public.event (event_id, event_name, event_short_description, event_pic, event_description, event_date, event_time, event_place, event_datetime, event_price, event_club_id, event_price_follower) FROM stdin;
-- f694cc13-c9e6-4ea1-bcbd-9591c7462420	Polytech Roule pour le Téléthon	1 km parcouru = 1 euro reversé !\r\nAlors tous en scelle !	https://res.cloudinary.com/iusildra/image/upload/v1669140443/34f825fc64816061d2658b900.png	Aucune description	\N	\N	Polytech Montpellier	28/11 - 02/12	0	\N	NaN
-- \.


--
-- Data for Name: goodie; Type: TABLE DATA; Schema: public; Owner: postgres
--

COPY "Goodie" (id, name, picture, description, standard_price) FROM stdin;
7984ae03-93db-452c-b44e-248f4b231369	Casquette	https://res.cloudinary.com/iusildra/image/upload/v1663740795/6d8e65cab4f9e558d0b08ab06.webp	8€ pour les non-adhérents	6
4ccc0292-ff89-49b9-855f-09c23b3f01bc	Flasque	https://res.cloudinary.com/iusildra/image/upload/v1663740883/6d8e65cab4f9e558d0b08ab0a.webp	8€ pour les non-adhérents	6
ed8e4da4-a90e-4570-9e95-6f00bdf422f5	Lunettes de soleil	https://res.cloudinary.com/iusildra/image/upload/v1663741112/6d8e65cab4f9e558d0b08ab0e.webp	4€ pour les non-adhérents	3
d57e957f-f560-4367-97ba-0665fce18181	Pack Banane + Tot Bag + Décaps	https://res.cloudinary.com/iusildra/image/upload/v1663740813/6d8e65cab4f9e558d0b08ab07.webp	8€ pour les non-adhérents	6
c9348c10-e5eb-4212-b8a5-c88431f00fde	Salopette	https://res.cloudinary.com/iusildra/image/upload/v1663745897/6d8e65cab4f9e558d0b08ab14.webp	22€ pour les non-adhérents. \r\n\r\nLe mannequin n'est pas vendu avec...	18
\.


--
-- Data for Name: partner; Type: TABLE DATA; Schema: public; Owner: postgres
--

COPY "Partner" (id, name, picture, summary, description, email, website) FROM stdin;
7732c44f-070e-4d8a-8b98-b759216e9bcc	 Nextplace	https://res.cloudinary.com/iusildra/image/upload/v1664266599/ef9833a605ab914b2f16f2803.png	Parcourez le monde à moindre frais en échangeant votre logement.	NextPlace vous propose d’échanger votre appartement ou maison avec d’autres utilisateurs pendant vos séjours. Découvrez notre système gagnant-gagnant pour profiter au maximum de vos vacances.\r\nTélécharge l’appli et rentre le code d’affiliation de Polytech MTP (POPOMTP22) pour bénéficier de cet avantage !\r\nTous les services sont gratuits jusqu’au 1 septembre 2023.	\N	https://nextplace.me/#/
c426e4eb-fdbb-4679-ae57-41fff979cdc6	Run'UP	https://res.cloudinary.com/iusildra/image/upload/v1662846036/fe00df541e26e48de83a08c00.jpg	Que ce soit pour avoir les plus belles fesses ou tablette de chocolat de polytech, Run’Up est fait pour toi !	Avec le BDE l’abonnement passe à 24,90 €/mois sans engagement au lieu de 39,90 €/mois, sans frais d’inscription. (à souscrire sur place avec présentation de la carte étudiante)\r\n	\N	https://www.runupforme.fr/
06124794-5de5-44fc-86c1-074a6c53b1b2	Les Bockale	https://res.cloudinary.com/iusildra/image/upload/v1663259987/70ef4166361a6523407b1a900.jpg	Large choix de bières pressions artisanales et une cuisine influencée par la Soul Kitchen américaine	Tarif Happy Hour sur les bières artisanales maisons le dimanche, lundi, mardi et mercredi, pendant tout le service\r\nPoutine les Bockales au tarif préférentiel de 7 euros (à la place de 8.5) le dimanche, lundi, mardi, mercredi toute la soirée jusqu’à fermeture de la cuisine\r\nPlateau des potos (pour 4 personnes) au tarif préférentiel de 32 euros (à la place de 40 euros) le dimanche, lundi, mardi et mercredi toute la soirée jusqu’à la fermeture de la cuisine.\r\n	\N	https://www.facebook.com/bockalebeer/
fb9bd82d-0063-44df-ac58-c0721ccb8f28	SoundStation / El barillos	https://res.cloudinary.com/iusildra/image/upload/v1662846454/fe00df541e26e48de83a08c03.webp	Premier verre à prix réduit hors happy hour	Aucune description	\N	https://www.facebook.com/Soundstation-800195746681102/
ecafffc0-b7fb-4c86-ab98-2bb02e02cc0d	En voiture simone !	https://res.cloudinary.com/iusildra/image/upload/v1662882321/fe00df541e26e48de83a08c0c.png	Passage du code de la route + permis	Il est temps de laisser nos vieux tranquilles… \r\n\r\nEt tu peux déjà commencer en passant ton permis ! 50 euros de réduction immédiate sur le prix du Pack Permis avec le code POLYTECHMTP (code + 20 h de conduite à 699 euros)\r\n\r\nFormation au code la route via leur site ou application, 100 % gratuite, sans engagement.\r\n\r\nPossibilité de faire ses heures de conduite dans 19 villes de 6 h à 23 h et 7j/7	\N	https://www.envoituresimone.com/
338053be-3bcd-4d32-9fbe-78b90ce4d9d0	TeedUP	https://res.cloudinary.com/iusildra/image/upload/v1662846782/fe00df541e26e48de83a08c06.png	Vous avez parfois du mal à vous motiver ? Teed Up est une application de rencontre sportive faite pour se motiver à plusieurs !	Abonnement premium gratuit (au lieu de 47.99€/an) jusqu’au 31 août 2023	\N	https://apps.apple.com/fr/app/teedup/id1589787405
eafb7fc6-507c-4212-89ad-c44d45bb042a	Konect	https://res.cloudinary.com/iusildra/image/upload/v1662847523/fe00df541e26e48de83a08c08.jpg	Certains diront : “mieux que Tinder”	Idéal pour faire un max de rencontres dans ta ville !\r\nSur insta	\N	https://www.instagram.com/konect_france/
3ce4e1e4-62e5-4259-b03b-64343674ce7c	Lydia	https://res.cloudinary.com/iusildra/image/upload/v1664266213/ef9833a605ab914b2f16f2801.png	On ne le présente plus	Lydia enchante les paiements, l'épargne et l'investissement, avec un compte, une carte et une app mobile qui remplace votre application bancaire classique	\N	https://www.lydia-app.com/
f9206941-386f-4ffa-9f26-715351e0da7f	Station sucrée	https://res.cloudinary.com/iusildra/image/upload/v1663090173/94e3097d8cc05b6e7a0740600.png	Pâtisserie typique de l’Argentine	Remise de 0.5 € sur les portions de gâteaux (10 %)\r\nBoîte des Alfajores : remise de 1 € \r\nQuiches : réduction de 0.5 €\r\nSandwiches ; burgers végans & salades : 0.75 € de réduction\r\nFormules sucrées : 0.25 € de réduction sur la formule petit déjeuner “combo argentino” Café bio + Medialuna (nature) ou Alfajor\r\nOffre valable du lundi au samedi\r\nNon valable le dimanche ni pour le brunch\r\nPlat du jour à 9.5 € au lieu de 10 €\r\n	\N	https://www.stationsucree.fr/
58800cc6-9c1e-48b3-9dcc-87a8ab803b82	Le Kraken	https://res.cloudinary.com/iusildra/image/upload/v1662847483/fe00df541e26e48de83a08c07.jpg	Le QG Polytech	4 € la pinte\r\n6 € pinte bière spéciale\r\n6 € pinte de punch\r\n6 € pinte de ricard\r\n5 € JagerBomb, 12 € les 3\r\n2 € soft à la verse\r\n2 € shooters vodka sirops, get ou tequila\r\n5 € alcool fort + soft\r\n	\N	https://www.instagram.com/explore/locations/305601839919308/france/montpellier-france/kraken-bar-montpellier/
d7499e37-18b5-48aa-8cdf-f4788d2dc6e2	Le Reverso	https://res.cloudinary.com/iusildra/image/upload/v1662846600/fe00df541e26e48de83a08c04.jpg	Viens profiter de la piste de danse et des tables de beer-pong mise à disposition !	Tarifs happy hour sur les bières et shooters	\N	https://www.facebook.com/reversomontpellier/
e9e32644-7ba5-4f0a-8538-9d6e7c9b3dcf	Mojjo	https://res.cloudinary.com/iusildra/image/upload/v1662846641/fe00df541e26e48de83a08c05.png	La carte qui te permet de bénéficier de plein de bons plans !	70 euros de cadeau, et des réductions dans les bars, resto, station de ski etc\r\nLien de la collecte :\r\nhttps://collecte.io/carte-mojjo-1902389/fr\r\n	\N	https://www.carte-mojjo.fr/montpellier/offres/
1fea1785-e910-414a-b433-cfd22bcc34b1	Sheech	https://res.cloudinary.com/iusildra/image/upload/v1662846306/fe00df541e26e48de83a08c01.png	Préparez-vous à faire des défis entre potes pour animer vos soirées, vos sorties ou vos vacances !	Aucune description	\N	https://sheech.com/
56ceddd2-aae8-4735-8533-b4e6aeadba18	Twist air	https://res.cloudinary.com/iusildra/image/upload/v1664382871/ef9833a605ab914b2f16f2804.jpg	Simulateur de vol et chute libre	Réduction de 20 % sur tarif adulte\r\nOffre pour les groupes (vidéos offertes, tarifs degressifs)\r\n	\N	https://www.twist-air.com/
03a7090e-1cba-4ca7-a69a-45ec44f2347a	La fumerie	https://res.cloudinary.com/iusildra/image/upload/v1662847695/fe00df541e26e48de83a08c0a.jpg	Bouteille de vodka arrangé 10 € au lieu de 12	Aucune description	\N	https://www.instagram.com/lafumerie_mtp/?hl=fr
6da34577-6b29-458d-b3cd-6ec69ba6a2e1	Stride	https://res.cloudinary.com/iusildra/image/upload/v1664266247/ef9833a605ab914b2f16f2802.png	Emprunte une batterie gratuitement et recharge ton smartphone en illimité !	Rends toi dans la kfet pour en emprunter une !	\N	https://stride-power.com/
2b13be91-3fa6-42a5-ba9e-697577036ebe	 Masaison	https://res.cloudinary.com/iusildra/image/upload/v1664456483/ef9833a605ab914b2f16f2805.jpg	-15% sur les commandes	Avec le code : “polytech-bde-mtp”\r\nChoisissez le point de collecte Montpellier pour la livraison gratuite au sein du BDE\r\nInstagram: @masaisoncosmétiques\r\nFB: Masaison cosmétiques\r\nLinkedin: Masaison\r\n	\N	\N
81fe7a15-0192-4f7b-a70b-6ea93e33de4d	Go sport	https://res.cloudinary.com/iusildra/image/upload/v1662847574/fe00df541e26e48de83a08c09.png	Remise immédiate de 15 % 	(hors articles en soldes/promotions, produits technologiques, matériel de musculation et carte cadeau)\r\nAvec le code GOS109402	\N	https://www.go-sport.com/
0ef0d070-f2bd-4fa3-a364-582c29a77437	L'encas	https://res.cloudinary.com/iusildra/image/upload/v1670876015/9af65228e0b822878f405e101.jpg	1 formule étudiante acheté = 1 espresso offert	\N	\N	https://www.facebook.com/people/Lencas-Montpellier/100076274893272/?paipv=0&eav=AfbouXQr4eDQkwBJFkBeeNLHW-PXqEOCvsZOKVKQY1awdIpU6NQJC18MVfwmF8uYRso&_rdr
1c2b56cf-a153-460b-8a4e-4eab49ca3275	Espace copie	https://res.cloudinary.com/iusildra/image/upload/v1670875423/9af65228e0b822878f405e100.png	Impressions en tout genre	Réduction de 10 % sur les rapports (impression noir et blanc, couleurs et spirale)\r\nRéduction de 10 % sur les stickers\r\nPour récupérer la carte qui donne accès aux avantages, adressez-vous au respo partenariat\r\n	\N	https://espacecopie.fr/
\.


--
-- Data for Name: polyuser; Type: TABLE DATA; Schema: public; Owner: postgres
--

COPY "User" (id, name, role_id, email, password) FROM stdin;
5f3b5a2c-4176-4c08-ae29-b2f8b9995d68	Enzo Courtaud	1	enzo.courtaud@etu.umontpellier.fr	$2a$10$fSvfU31n15IssY3Wq375B.ZCbkcC2M.6Q1H1B4N6eHDT0j4M7n.zm
adefbaeb-cebf-401b-9eb0-4bffa788ebed	test	2	'test@etu.umontpellier.fr ', polyuser_role='1'	$2a$10$MTER62MH1lUCgYVrCboSQejJq51RzXe7xUCiD7KJYwLQc5dc4lu7m
ad6096ba-7131-4ae9-9108-533c351097d3	Florent Hugouvieux	2	florent.hugouvieux@etu.umontpellier.fr	$2a$10$HVzOU3kF3x.xVpAEZlujx.4oehfILYNw74/QudthKLf3f9H.n1FXO
ad6fd68e-d909-4030-818a-f9391b9ccd87	Tom FABIE CHABERT	1	tom.fabie-chabert@etu.umontpellier.fr	$2a$10$6lCYBLMsAB6RC4CsqgHGEO5OZVQKx1oG7eGOBjOWo4IVKcvqFret.
ef7f8abc-28c6-4150-a359-8ad776c24ead	Lucas Moriss	2	lucas.moriss@etu.umontpellier.fr	$2a$10$JXKd0kbSjb0juu8Lve3oiusW91Dihazq34SKAnBT6nopwg0.Wrawa
4815e5c9-a583-4506-aa2c-53499df5eb8a	Roman Jullien	2	roman.jullien@etu.umontpellier.fr	$2a$10$nEmZFy5KfPXy8/Sh5ui1tedDKcz.pDJHS7IF8xMEhTcV3JF42u4TS
13b43d5e-d65c-4549-982e-565394437a96	NoName	2	mail	$2a$10$EPYVMeJVlPgs4jRj0YMGtueAbHuX6PUwop1ud0TGaveEN6H4p7U6a
5ad40cf3-2628-4198-8a39-2a05afe223ae	Jean Pastol	1	jeanpastol@etu.umontpellier.fr	$2a$10$yN7pG5r/bRMdt9gt1K7MluOpQWxIQQRtZqyOEYLb2u//zK8HcsgHe
8753e7ba-9561-498a-8c26-6b2609e85fca	Clara Le Scoezec	1	clara.le-scoezec@etu.umontpellier.fr	$2a$10$xZGgkp3/4e7FAZTPlYCL7.AspOcjPO2Ifi2Jsj6rlj5k3jb0NubMS
ddcb64ae-9826-42dd-8c47-9be763d6e203	Félicien Bigeard	1	felicien.bigeard@etu.umontpellier.fr	$2a$10$7umGyBbzCI4WRL1jBO/4tOFX7NThQip6J4IvshDCr4VdOa3XlJbH6
752e3916-6d56-4b50-8f0c-ab0700516af1	Alex Lacroix	1	alex.lacroix@etu.umontpellier.fr	$2a$10$IIxJrv1ae0JB9MEzfm.eheEjgUa821Vj79aFcZYAiksns1CsAwNi6
1c868a45-8786-4f70-aa21-a617fd85dd46	Richard MARTIN	2	richard.martin@etu.umontpellier.fr	$2a$10$7cZvvKRg6yyJLD5izVmtm.sDjcApgzqVH.AyG448qxTUvJXPLH9DW
e3f0adbf-b7c4-42f7-8431-a73724e4f586	Jérémy LARDENOIS	2	jeremy.lardenois@etu.umontpellier.fr	$2a$10$ebmqqCsCgzN4bl3uDmNyEuKAVGP5ueRfVRDlaxp6oivp675yIN06S
db0ec634-cf44-4cb1-a34f-f8c19b68daec	Léa Nzeyimana	2	lea.nzeyimana@etu.umontpellier.fr	$2a$10$k9GxBOIwqlXpPxX.clb6PO38tOY6DDvC.uU8jFPbmnIsFUZpiDWsu
831a20b2-45cd-4693-ae9f-082e02d1e5d4	random random	2	random@etu.umontpellier.fr	$2a$10$rJc7T/RqRW7xgg.OYY0p.u6jAJc3IhDFHhjyI/Ou130MF.e4vgLq2
e6a38aee-617f-48fc-829a-67cc03b1b824	Kevin Mayant	1	kevin.mayant@etu.umontpellier.fr	$2a$10$3sJBXYbr2sOyAYh/vcetx.RJ7Xe6.k4.gcI8GZp9u8VEMOrQtiR6u
ea99489b-df58-4241-a30f-3d20a70a7d4c	Lucas Nouguier	1	lucas.nouguier@etu.umontpellier.fr	$2a$10$0.l2h38xesejD.eTjBv/iewv1beSlL.Yc7/IOQUlU9IqTtPrDA9Cq
74ecea9f-c95a-47ad-bfab-49fe6a02994a	Jason Moret	1	jason.moret@etu.umontpellier.fr	$2a$10$u2zXB99il0IipFFkYjCgZu0cBLkupcH6On.Jfy7Dz8owRPeKTLAJ2
\.


--
-- Data for Name: role; Type: TABLE DATA; Schema: public; Owner: postgres
--

COPY "Role" (id, name) FROM stdin;
1	admin
2	normal
\.